-- phpMyAdmin SQL Dump
-- version 4.7.0
-- https://www.phpmyadmin.net/
--
-- Servidor: 127.0.0.1
-- Tiempo de generación: 21-06-2019 a las 08:02:07
-- Versión del servidor: 10.1.26-MariaDB
-- Versión de PHP: 7.1.8

SET SQL_MODE = "NO_AUTO_VALUE_ON_ZERO";
SET AUTOCOMMIT = 0;
START TRANSACTION;
SET time_zone = "+00:00";


/*!40101 SET @OLD_CHARACTER_SET_CLIENT=@@CHARACTER_SET_CLIENT */;
/*!40101 SET @OLD_CHARACTER_SET_RESULTS=@@CHARACTER_SET_RESULTS */;
/*!40101 SET @OLD_COLLATION_CONNECTION=@@COLLATION_CONNECTION */;
/*!40101 SET NAMES utf8mb4 */;

--
-- Base de datos: `muebleriacm`
--

-- --------------------------------------------------------

--
-- Estructura de tabla para la tabla `administrador`
--

CREATE TABLE `administrador` (
  `idAdministrador` int(10) NOT NULL,
  `nombre` varchar(100) NOT NULL,
  `apellido` varchar(100) NOT NULL,
  `email` varchar(100) NOT NULL,
  `password` varchar(100) NOT NULL,
  `tipo` int(10) NOT NULL
) ENGINE=InnoDB DEFAULT CHARSET=latin1;

--
-- Volcado de datos para la tabla `administrador`
--

INSERT INTO `administrador` (`idAdministrador`, `nombre`, `apellido`, `email`, `password`, `tipo`) VALUES
(1, 'Macario', 'Gutiérrez', 'maka@gmail.com', '1234', 1),
(2, 'Ernesto', 'Rico', 'netoricow@gmail.com', '1234', 3),
(3, 'Gilberto', 'Sanchez', 'gilberto@gmail.com', '1234', 2),
(4, 'Marco', 'Trenado', 'marco@gmail.com', '1234', 1);

-- --------------------------------------------------------

--
-- Estructura de tabla para la tabla `categoria`
--

CREATE TABLE `categoria` (
  `idCategoria` int(10) NOT NULL,
  `nombre_categoria` varchar(50) NOT NULL,
  `estatus` tinyint(1) NOT NULL
) ENGINE=InnoDB DEFAULT CHARSET=latin1;

--
-- Volcado de datos para la tabla `categoria`
--

INSERT INTO `categoria` (`idCategoria`, `nombre_categoria`, `estatus`) VALUES
(1, 'Salas', 1),
(2, 'Recámaras', 1),
(3, 'Antecomedores', 1);

-- --------------------------------------------------------

--
-- Estructura de tabla para la tabla `cliente`
--

CREATE TABLE `cliente` (
  `idCliente` int(10) NOT NULL,
  `nombre_cliente` varchar(100) NOT NULL,
  `apellido_cliente` varchar(100) NOT NULL,
  `email_cliente` varchar(100) NOT NULL,
  `password_cliente` varchar(100) NOT NULL,
  `telefono` varchar(15) NOT NULL,
  `cliente_idDireccion` int(10) NOT NULL
) ENGINE=InnoDB DEFAULT CHARSET=latin1;

--
-- Volcado de datos para la tabla `cliente`
--

INSERT INTO `cliente` (`idCliente`, `nombre_cliente`, `apellido_cliente`, `email_cliente`, `password_cliente`, `telefono`, `cliente_idDireccion`) VALUES
(1, 'Miguel', 'Rico', 'migue@gmail.com', '1234', '4171052912', 1);

-- --------------------------------------------------------

--
-- Estructura de tabla para la tabla `comentario`
--

CREATE TABLE `comentario` (
  `idComentario` int(11) NOT NULL,
  `comentario` varchar(250) DEFAULT NULL,
  `estatus` tinyint(1) NOT NULL,
  `comentario_idCliente` int(10) NOT NULL,
  `comentario_idRespuesta` int(10) NOT NULL
) ENGINE=InnoDB DEFAULT CHARSET=latin1;

--
-- Volcado de datos para la tabla `comentario`
--

INSERT INTO `comentario` (`idComentario`, `comentario`, `estatus`, `comentario_idCliente`, `comentario_idRespuesta`) VALUES
(1, 'Excelente sitio', 1, 1, 1);

-- --------------------------------------------------------

--
-- Estructura de tabla para la tabla `compra`
--

CREATE TABLE `compra` (
  `idCompra` int(10) NOT NULL,
  `fecha_compra` date NOT NULL,
  `estatus` tinyint(1) NOT NULL,
  `compra_idPedido` int(10) NOT NULL
) ENGINE=InnoDB DEFAULT CHARSET=latin1;

-- --------------------------------------------------------

--
-- Estructura de tabla para la tabla `direccion`
--

CREATE TABLE `direccion` (
  `idDireccion` int(10) NOT NULL,
  `calle` varchar(100) NOT NULL,
  `numero` varchar(10) NOT NULL,
  `colonia` varchar(100) NOT NULL,
  `codigo_postal` varchar(5) NOT NULL
) ENGINE=InnoDB DEFAULT CHARSET=latin1;

--
-- Volcado de datos para la tabla `direccion`
--

INSERT INTO `direccion` (`idDireccion`, `calle`, `numero`, `colonia`, `codigo_postal`) VALUES
(1, 'Camino Real', '47', 'San Juan Jaripeo', '38783');

-- --------------------------------------------------------

--
-- Estructura de tabla para la tabla `pedido`
--

CREATE TABLE `pedido` (
  `idPedido` int(10) NOT NULL,
  `cantidad_producto` int(11) NOT NULL,
  `fecha_pedido` date NOT NULL,
  `total` double NOT NULL,
  `estatus` tinyint(4) NOT NULL,
  `pedido_idCliente` int(10) NOT NULL,
  `pedido_idProducto` int(10) NOT NULL
) ENGINE=InnoDB DEFAULT CHARSET=latin1;

-- --------------------------------------------------------

--
-- Estructura de tabla para la tabla `producto`
--

CREATE TABLE `producto` (
  `idProducto` int(10) NOT NULL,
  `imagen_producto` varchar(100) NOT NULL,
  `nombre_producto` varchar(50) NOT NULL,
  `precio` double NOT NULL,
  `stock` int(10) NOT NULL,
  `fecha_registro` date NOT NULL,
  `detalles` varchar(500) NOT NULL,
  `estatus` tinyint(1) NOT NULL,
  `producto_idCategoria` int(10) NOT NULL
) ENGINE=InnoDB DEFAULT CHARSET=latin1;

--
-- Volcado de datos para la tabla `producto`
--

INSERT INTO `producto` (`idProducto`, `imagen_producto`, `nombre_producto`, `precio`, `stock`, `fecha_registro`, `detalles`, `estatus`, `producto_idCategoria`) VALUES
(1, '8dff6-bogota.jpg', 'Bogota', 5500, 4, '2019-06-19', '6 Sillas y Mesa', 1, 3),
(2, 'e99ef-buenosaires.jpg', 'Buenos Aires', 5500, 3, '2019-06-19', '6 Sillas y Mesa', 1, 3),
(3, 'acc41-domino.jpg', 'Domino', 6750, 4, '2019-06-19', '6 Sillas y Mesa', 1, 3),
(4, 'bfca0-francia.jpg', 'Francia', 10950, 3, '2019-06-19', 'Tres-Dos-Uno', 1, 1),
(5, '4efd0-holanda.jpg', 'Holanda', 12900, 2, '2019-06-19', 'Tres-Dos-Uno', 1, 1),
(6, 'cd74b-venecia.jpg', 'Venecia', 11605, 1, '2019-06-19', 'Tres-Dos-Uno', 1, 1),
(7, '38227-logan.jpg', 'Logan', 10690, 2, '2019-06-19', '4 piezas (No incluye base y colchón)', 1, 2),
(8, 'ad1b4-sicilia.jpg', 'Sicilia', 9850, 1, '2019-06-19', '4 piezas (No incluye base y colchón)', 1, 2),
(9, '15d06-lucca.jpg', 'Lucca', 10560, 1, '2019-06-19', '4 piezas (No incluye base y colchón)', 1, 2);

-- --------------------------------------------------------

--
-- Estructura de tabla para la tabla `promocion`
--

CREATE TABLE `promocion` (
  `idPromocion` int(10) NOT NULL,
  `nombre_promocion` varchar(50) NOT NULL,
  `fecha_inicial` date NOT NULL,
  `fecha_final` date NOT NULL,
  `descripcion_promo` text NOT NULL,
  `imagen_promo` varchar(70) NOT NULL,
  `promocion_idProducto` int(10) NOT NULL,
  `estatus` tinyint(1) NOT NULL
) ENGINE=InnoDB DEFAULT CHARSET=latin1;

--
-- Volcado de datos para la tabla `promocion`
--

INSERT INTO `promocion` (`idPromocion`, `nombre_promocion`, `fecha_inicial`, `fecha_final`, `descripcion_promo`, `imagen_promo`, `promocion_idProducto`, `estatus`) VALUES
(1, 'Mes de Papá', '2019-06-01', '2019-06-30', '<p>\n	Aprovecha nuestras ofertas en todas las salas</p>\n', 'aae55-venecia.jpg', 6, 1);

-- --------------------------------------------------------

--
-- Estructura de tabla para la tabla `respuesta`
--

CREATE TABLE `respuesta` (
  `idRespuesta` int(10) NOT NULL,
  `respuesta` varchar(250) NOT NULL,
  `estatus` tinyint(1) NOT NULL
) ENGINE=InnoDB DEFAULT CHARSET=latin1;

--
-- Volcado de datos para la tabla `respuesta`
--

INSERT INTO `respuesta` (`idRespuesta`, `respuesta`, `estatus`) VALUES
(1, 'Gracias por tu comentario', 1);

-- --------------------------------------------------------

--
-- Estructura de tabla para la tabla `tipo`
--

CREATE TABLE `tipo` (
  `idTipo` int(10) NOT NULL,
  `nombre_tipo_usuario` varchar(100) NOT NULL,
  `privilegios` tinyint(1) NOT NULL
) ENGINE=InnoDB DEFAULT CHARSET=latin1;

--
-- Volcado de datos para la tabla `tipo`
--

INSERT INTO `tipo` (`idTipo`, `nombre_tipo_usuario`, `privilegios`) VALUES
(1, 'Lectura', 1),
(2, 'Escritura', 1),
(3, 'Lectura y Escritura', 1);

--
-- Índices para tablas volcadas
--

--
-- Indices de la tabla `administrador`
--
ALTER TABLE `administrador`
  ADD PRIMARY KEY (`idAdministrador`),
  ADD KEY `tipo` (`tipo`);

--
-- Indices de la tabla `categoria`
--
ALTER TABLE `categoria`
  ADD PRIMARY KEY (`idCategoria`);

--
-- Indices de la tabla `cliente`
--
ALTER TABLE `cliente`
  ADD PRIMARY KEY (`idCliente`),
  ADD KEY `cliente_idDireccion` (`cliente_idDireccion`);

--
-- Indices de la tabla `comentario`
--
ALTER TABLE `comentario`
  ADD PRIMARY KEY (`idComentario`),
  ADD KEY `comentario_idCliente` (`comentario_idCliente`,`comentario_idRespuesta`),
  ADD KEY `comentario_idRespuesta` (`comentario_idRespuesta`);

--
-- Indices de la tabla `compra`
--
ALTER TABLE `compra`
  ADD PRIMARY KEY (`idCompra`),
  ADD KEY `compra_idCliente` (`compra_idPedido`);

--
-- Indices de la tabla `direccion`
--
ALTER TABLE `direccion`
  ADD PRIMARY KEY (`idDireccion`);

--
-- Indices de la tabla `pedido`
--
ALTER TABLE `pedido`
  ADD PRIMARY KEY (`idPedido`),
  ADD KEY `pedido_idCliente` (`pedido_idCliente`,`pedido_idProducto`),
  ADD KEY `pedido_idProducto` (`pedido_idProducto`);

--
-- Indices de la tabla `producto`
--
ALTER TABLE `producto`
  ADD PRIMARY KEY (`idProducto`),
  ADD KEY `producto_idCategoria` (`producto_idCategoria`);

--
-- Indices de la tabla `promocion`
--
ALTER TABLE `promocion`
  ADD PRIMARY KEY (`idPromocion`),
  ADD KEY `promocion_idProducto` (`promocion_idProducto`);

--
-- Indices de la tabla `respuesta`
--
ALTER TABLE `respuesta`
  ADD PRIMARY KEY (`idRespuesta`);

--
-- Indices de la tabla `tipo`
--
ALTER TABLE `tipo`
  ADD PRIMARY KEY (`idTipo`);

--
-- AUTO_INCREMENT de las tablas volcadas
--

--
-- AUTO_INCREMENT de la tabla `administrador`
--
ALTER TABLE `administrador`
  MODIFY `idAdministrador` int(10) NOT NULL AUTO_INCREMENT, AUTO_INCREMENT=12;
--
-- AUTO_INCREMENT de la tabla `categoria`
--
ALTER TABLE `categoria`
  MODIFY `idCategoria` int(10) NOT NULL AUTO_INCREMENT, AUTO_INCREMENT=4;
--
-- AUTO_INCREMENT de la tabla `cliente`
--
ALTER TABLE `cliente`
  MODIFY `idCliente` int(10) NOT NULL AUTO_INCREMENT, AUTO_INCREMENT=2;
--
-- AUTO_INCREMENT de la tabla `comentario`
--
ALTER TABLE `comentario`
  MODIFY `idComentario` int(11) NOT NULL AUTO_INCREMENT, AUTO_INCREMENT=2;
--
-- AUTO_INCREMENT de la tabla `compra`
--
ALTER TABLE `compra`
  MODIFY `idCompra` int(10) NOT NULL AUTO_INCREMENT;
--
-- AUTO_INCREMENT de la tabla `direccion`
--
ALTER TABLE `direccion`
  MODIFY `idDireccion` int(10) NOT NULL AUTO_INCREMENT, AUTO_INCREMENT=2;
--
-- AUTO_INCREMENT de la tabla `pedido`
--
ALTER TABLE `pedido`
  MODIFY `idPedido` int(10) NOT NULL AUTO_INCREMENT;
--
-- AUTO_INCREMENT de la tabla `producto`
--
ALTER TABLE `producto`
  MODIFY `idProducto` int(10) NOT NULL AUTO_INCREMENT, AUTO_INCREMENT=10;
--
-- AUTO_INCREMENT de la tabla `promocion`
--
ALTER TABLE `promocion`
  MODIFY `idPromocion` int(10) NOT NULL AUTO_INCREMENT, AUTO_INCREMENT=2;
--
-- AUTO_INCREMENT de la tabla `respuesta`
--
ALTER TABLE `respuesta`
  MODIFY `idRespuesta` int(10) NOT NULL AUTO_INCREMENT, AUTO_INCREMENT=2;
--
-- AUTO_INCREMENT de la tabla `tipo`
--
ALTER TABLE `tipo`
  MODIFY `idTipo` int(10) NOT NULL AUTO_INCREMENT, AUTO_INCREMENT=4;
--
-- Restricciones para tablas volcadas
--

--
-- Filtros para la tabla `administrador`
--
ALTER TABLE `administrador`
  ADD CONSTRAINT `administrador_ibfk_1` FOREIGN KEY (`tipo`) REFERENCES `tipo` (`idTipo`) ON DELETE CASCADE ON UPDATE CASCADE;

--
-- Filtros para la tabla `cliente`
--
ALTER TABLE `cliente`
  ADD CONSTRAINT `cliente_ibfk_1` FOREIGN KEY (`cliente_idDireccion`) REFERENCES `direccion` (`idDireccion`);

--
-- Filtros para la tabla `comentario`
--
ALTER TABLE `comentario`
  ADD CONSTRAINT `comentario_ibfk_1` FOREIGN KEY (`comentario_idRespuesta`) REFERENCES `respuesta` (`idRespuesta`),
  ADD CONSTRAINT `comentario_ibfk_2` FOREIGN KEY (`comentario_idCliente`) REFERENCES `cliente` (`idCliente`);

--
-- Filtros para la tabla `compra`
--
ALTER TABLE `compra`
  ADD CONSTRAINT `compra_ibfk_2` FOREIGN KEY (`compra_idPedido`) REFERENCES `pedido` (`idPedido`) ON DELETE CASCADE ON UPDATE CASCADE;

--
-- Filtros para la tabla `pedido`
--
ALTER TABLE `pedido`
  ADD CONSTRAINT `pedido_ibfk_1` FOREIGN KEY (`pedido_idProducto`) REFERENCES `producto` (`idProducto`) ON DELETE CASCADE ON UPDATE CASCADE,
  ADD CONSTRAINT `pedido_ibfk_2` FOREIGN KEY (`pedido_idCliente`) REFERENCES `cliente` (`idCliente`) ON DELETE CASCADE ON UPDATE CASCADE;

--
-- Filtros para la tabla `producto`
--
ALTER TABLE `producto`
  ADD CONSTRAINT `producto_ibfk_1` FOREIGN KEY (`producto_idCategoria`) REFERENCES `categoria` (`idCategoria`) ON DELETE CASCADE ON UPDATE CASCADE;

--
-- Filtros para la tabla `promocion`
--
ALTER TABLE `promocion`
  ADD CONSTRAINT `promocion_ibfk_1` FOREIGN KEY (`promocion_idProducto`) REFERENCES `producto` (`idProducto`);
COMMIT;

/*!40101 SET CHARACTER_SET_CLIENT=@OLD_CHARACTER_SET_CLIENT */;
/*!40101 SET CHARACTER_SET_RESULTS=@OLD_CHARACTER_SET_RESULTS */;
/*!40101 SET COLLATION_CONNECTION=@OLD_COLLATION_CONNECTION */;
